{"mean":{"confidence_interval":{"confidence_level":0.95,"lower_bound":239183415.38,"upper_bound":239438507.1515},"point_estimate":239300791.01,"standard_error":65220.73003437114},"median":{"confidence_interval":{"confidence_level":0.95,"lower_bound":239054875.5,"upper_bound":239266718.5},"point_estimate":239168051.5,"standard_error":56536.70701639604},"median_abs_dev":{"confidence_interval":{"confidence_level":0.95,"lower_bound":282549.45518374443,"upper_bound":461534.8544061184},"point_estimate":373732.318764925,"standard_error":45343.48218542744},"slope":null,"std_dev":{"confidence_interval":{"confidence_level":0.95,"lower_bound":383055.5159253139,"upper_bound":907916.144374581},"point_estimate":655223.5031989256,"standard_error":136848.96129091192}}